{
  "warren mcguirk alumni stadium": {
    "name": "Warren McGuirk Alumni Stadium",
    "norm": "warren mcguirk alumni stadium",
    "city": "Amherst",
    "state": "MA",
    "indoor": false,
    "grass": false,
    "lat": null,
    "lon": null
  },
  "rynearson stadium": {
    "name": "Rynearson Stadium",
    "norm": "rynearson stadium",
    "city": "Ypsilanti",
    "state": "MI",
    "indoor": false,
    "grass": false,
    "lat": null,
    "lon": null
  },
  "simmons bank liberty stadium": {
    "name": "Simmons Bank Liberty Stadium",
    "norm": "simmons bank liberty stadium",
    "city": "Memphis",
    "state": "TN",
    "indoor": false,
    "grass": false,
    "lat": null,
    "lon": null
  },
  "mt bank stadium": {
    "name": "M&T Bank Stadium",
    "norm": "mt bank stadium",
    "city": "Baltimore",
    "state": "MD",
    "indoor": false,
    "grass": true,
    "lat": null,
    "lon": null
  },
  "davis wade stadium": {
    "name": "Davis Wade Stadium",
    "norm": "davis wade stadium",
    "city": "Starkville",
    "state": "MS",
    "indoor": false,
    "grass": true,
    "lat": null,
    "lon": null
  },
  "david booth kansas memorial stadium": {
    "name": "David Booth Kansas Memorial Stadium",
    "norm": "david booth kansas memorial stadium",
    "city": "Lawrence",
    "state": "KS",
    "indoor": false,
    "grass": false,
    "lat": null,
    "lon": null
  },
  "memorial stadium lincoln ne": {
    "name": "Memorial Stadium (Lincoln, NE)",
    "norm": "memorial stadium lincoln ne",
    "city": "Lincoln",
    "state": "NE",
    "indoor": false,
    "grass": false,
    "lat": null,
    "lon": null
  },
  "ub stadium": {
    "name": "UB Stadium",
    "norm": "ub stadium",
    "city": "Buffalo",
    "state": "NY",
    "indoor": false,
    "grass": false,
    "lat": null,
    "lon": null
  },
  "huskie stadium": {
    "name": "Huskie Stadium",
    "norm": "huskie stadium",
    "city": "Dekalb",
    "state": "IL",
    "indoor": false,
    "grass": false,
    "lat": null,
    "lon": null
  },
  "lincoln financial field": {
    "name": "Lincoln Financial Field",
    "norm": "lincoln financial field",
    "city": "Philadelphia",
    "state": "PA",
    "indoor": false,
    "grass": true,
    "lat": null,
    "lon": null
  },
  "canvas stadium": {
    "name": "Canvas Stadium",
    "norm": "canvas stadium",
    "city": "Fort Collins",
    "state": "CO",
    "indoor": false,
    "grass": false,
    "lat": null,
    "lon": null
  },
  "university stadium nm": {
    "name": "University Stadium (NM)",
    "norm": "university stadium nm",
    "city": "Albuquerque",
    "state": "NM",
    "indoor": false,
    "grass": false,
    "lat": null,
    "lon": null
  },
  "datcu stadium": {
    "name": "DATCU Stadium",
    "norm": "datcu stadium",
    "city": "Denton",
    "state": "TX",
    "indoor": false,
    "grass": false,
    "lat": null,
    "lon": null
  },
  "maverik stadium": {
    "name": "Maverik Stadium",
    "norm": "maverik stadium",
    "city": "Logan",
    "state": "UT",
    "indoor": false,
    "grass": false,
    "lat": null,
    "lon": null
  },
  "rossade stadium": {
    "name": "Ross-Ade Stadium",
    "norm": "rossade stadium",
    "city": "West Lafayette",
    "state": "IN",
    "indoor": false,
    "grass": true,
    "lat": null,
    "lon": null
  },
  "dkrtexas memorial stadium": {
    "name": "DKR-Texas Memorial Stadium",
    "norm": "dkrtexas memorial stadium",
    "city": "Austin",
    "state": "TX",
    "indoor": false,
    "grass": false,
    "lat": null,
    "lon": null
  },
  "mountain america stadium": {
    "name": "Mountain America Stadium",
    "norm": "mountain america stadium",
    "city": "Tempe",
    "state": "AZ",
    "indoor": false,
    "grass": true,
    "lat": null,
    "lon": null
  },
  "michigan stadium": {
    "name": "Michigan Stadium",
    "norm": "michigan stadium",
    "city": "Ann Arbor",
    "state": "MI",
    "indoor": false,
    "grass": false,
    "lat": null,
    "lon": null
  },
  "milan puskar stadium": {
    "name": "Milan Puskar Stadium",
    "norm": "milan puskar stadium",
    "city": "Morgantown",
    "state": "WV",
    "indoor": false,
    "grass": false,
    "lat": null,
    "lon": null
  },
  "acrisure stadium": {
    "name": "Acrisure Stadium",
    "norm": "acrisure stadium",
    "city": "Pittsburgh",
    "state": "PA",
    "indoor": false,
    "grass": true,
    "lat": null,
    "lon": null
  },
  "mclane stadium": {
    "name": "McLane Stadium",
    "norm": "mclane stadium",
    "city": "Waco",
    "state": "TX",
    "indoor": false,
    "grass": false,
    "lat": null,
    "lon": null
  },
  "ln federal credit union stadium": {
    "name": "L&N Federal Credit Union Stadium",
    "norm": "ln federal credit union stadium",
    "city": "Louisville",
    "state": "KY",
    "indoor": false,
    "grass": false,
    "lat": null,
    "lon": null
  },
  "williamsbrice stadium": {
    "name": "Williams-Brice Stadium",
    "norm": "williamsbrice stadium",
    "city": "Columbia",
    "state": "SC",
    "indoor": false,
    "grass": true,
    "lat": null,
    "lon": null
  },
  "bill snyder family stadium": {
    "name": "Bill Snyder Family Stadium",
    "norm": "bill snyder family stadium",
    "city": "Manhattan",
    "state": "KS",
    "indoor": false,
    "grass": false,
    "lat": null,
    "lon": null
  },
  "boone pickens stadium": {
    "name": "Boone Pickens Stadium",
    "norm": "boone pickens stadium",
    "city": "Stillwater",
    "state": "OK",
    "indoor": false,
    "grass": false,
    "lat": null,
    "lon": null
  },
  "flagler credit union stadium": {
    "name": "Flagler Credit Union Stadium",
    "norm": "flagler credit union stadium",
    "city": "Boca Raton",
    "state": "FL",
    "indoor": false,
    "grass": true,
    "lat": null,
    "lon": null
  },
  "kellyshorts stadium": {
    "name": "Kelly/Shorts Stadium",
    "norm": "kellyshorts stadium",
    "city": "Mount Pleasant",
    "state": "MI",
    "indoor": false,
    "grass": false,
    "lat": null,
    "lon": null
  },
  "yager stadium": {
    "name": "Yager Stadium",
    "norm": "yager stadium",
    "city": "Oxford",
    "state": "OH",
    "indoor": false,
    "grass": false,
    "lat": null,
    "lon": null
  },
  "lavell edwards stadium": {
    "name": "LaVell Edwards Stadium",
    "norm": "lavell edwards stadium",
    "city": "Provo",
    "state": "UT",
    "indoor": false,
    "grass": true,
    "lat": null,
    "lon": null
  },
  "delaware stadium": {
    "name": "Delaware Stadium",
    "norm": "delaware stadium",
    "city": "Newark",
    "state": "DE",
    "indoor": false,
    "grass": false,
    "lat": null,
    "lon": null
  },
  "shell energy stadium": {
    "name": "Shell Energy Stadium",
    "norm": "shell energy stadium",
    "city": "Houston",
    "state": "TX",
    "indoor": false,
    "grass": true,
    "lat": null,
    "lon": null
  },
  "joan c edwards stadium": {
    "name": "Joan C. Edwards Stadium",
    "norm": "joan c edwards stadium",
    "city": "Huntington",
    "state": "WV",
    "indoor": false,
    "grass": false,
    "lat": null,
    "lon": null
  },
  "amfirst stadium": {
    "name": "AmFirst Stadium",
    "norm": "amfirst stadium",
    "city": "Jacksonville",
    "state": "AL",
    "indoor": false,
    "grass": false,
    "lat": null,
    "lon": null
  },
  "robert w plaster stadium": {
    "name": "Robert W. Plaster Stadium",
    "norm": "robert w plaster stadium",
    "city": "Springfield",
    "state": "MO",
    "indoor": false,
    "grass": false,
    "lat": null,
    "lon": null
  },
  "sb ballard stadium": {
    "name": "S.B. Ballard Stadium",
    "norm": "sb ballard stadium",
    "city": "Norfolk",
    "state": "VA",
    "indoor": false,
    "grass": false,
    "lat": null,
    "lon": null
  },
  "kidd brewer stadium": {
    "name": "Kidd Brewer Stadium",
    "norm": "kidd brewer stadium",
    "city": "Boone",
    "state": "NC",
    "indoor": false,
    "grass": false,
    "lat": null,
    "lon": null
  },
  "aggie memorial stadium": {
    "name": "Aggie Memorial Stadium",
    "norm": "aggie memorial stadium",
    "city": "Las Cruces",
    "state": "NM",
    "indoor": false,
    "grass": false,
    "lat": null,
    "lon": null
  },
  "cajun field": {
    "name": "Cajun Field",
    "norm": "cajun field",
    "city": "Lafayette",
    "state": "LA",
    "indoor": false,
    "grass": false,
    "lat": null,
    "lon": null
  },
  "ufcu stadium": {
    "name": "UFCU Stadium",
    "norm": "ufcu stadium",
    "city": "San Marcos",
    "state": "TX",
    "indoor": false,
    "grass": false,
    "lat": null,
    "lon": null
  },
  "chapman stadium": {
    "name": "Chapman Stadium",
    "norm": "chapman stadium",
    "city": "Tulsa",
    "state": "OK",
    "indoor": false,
    "grass": false,
    "lat": null,
    "lon": null
  },
  "husky stadium": {
    "name": "Husky Stadium",
    "norm": "husky stadium",
    "city": "Seattle",
    "state": "WA",
    "indoor": false,
    "grass": false,
    "lat": null,
    "lon": null
  },
  "huntington bank field": {
    "name": "Huntington Bank Field",
    "norm": "huntington bank field",
    "city": "Cleveland",
    "state": "OH",
    "indoor": false,
    "grass": true,
    "lat": null,
    "lon": null
  },
  "nissan stadium": {
    "name": "Nissan Stadium",
    "norm": "nissan stadium",
    "city": "Nashville",
    "state": "TN",
    "indoor": false,
    "grass": false,
    "lat": null,
    "lon": null
  },
  "hard rock stadium": {
    "name": "Hard Rock Stadium",
    "norm": "hard rock stadium",
    "city": "Miami Gardens",
    "state": "FL",
    "indoor": false,
    "grass": true,
    "lat": null,
    "lon": null
  },
  "metlife stadium": {
    "name": "MetLife Stadium",
    "norm": "metlife stadium",
    "city": "East Rutherford",
    "state": "NJ",
    "indoor": false,
    "grass": false,
    "lat": null,
    "lon": null
  },
  "raymond james stadium": {
    "name": "Raymond James Stadium",
    "norm": "raymond james stadium",
    "city": "Tampa",
    "state": "FL",
    "indoor": false,
    "grass": true,
    "lat": null,
    "lon": null
  },
  "bank of america stadium": {
    "name": "Bank of America Stadium",
    "norm": "bank of america stadium",
    "city": "Charlotte",
    "state": "NC",
    "indoor": false,
    "grass": false,
    "lat": null,
    "lon": null
  },
  "lumen field": {
    "name": "Lumen Field",
    "norm": "lumen field",
    "city": "Seattle",
    "state": "WA",
    "indoor": false,
    "grass": false,
    "lat": null,
    "lon": null
  },
  "northwest stadium": {
    "name": "Northwest Stadium",
    "norm": "northwest stadium",
    "city": "Landover",
    "state": "MD",
    "indoor": false,
    "grass": true,
    "lat": null,
    "lon": null
  },
  "gillette stadium": {
    "name": "Gillette Stadium",
    "norm": "gillette stadium",
    "city": "Foxborough",
    "state": "MA",
    "indoor": false,
    "grass": false,
    "lat": null,
    "lon": null
  },
  "bridgeforth stadium": {
    "name": "Bridgeforth Stadium",
    "norm": "bridgeforth stadium",
    "city": "Harrisonburg",
    "state": "VA",
    "indoor": false,
    "grass": false,
    "lat": null,
    "lon": null
  },
  "highmark stadium": {
    "name": "Highmark Stadium",
    "norm": "highmark stadium",
    "city": "Orchard Park",
    "state": "NY",
    "indoor": false,
    "grass": false,
    "lat": null,
    "lon": null
  },
  "everbank stadium": {
    "name": "EverBank Stadium",
    "norm": "everbank stadium",
    "city": "Jacksonville",
    "state": "FL",
    "indoor": false,
    "grass": true,
    "lat": null,
    "lon": null
  },
  "lambeau field": {
    "name": "Lambeau Field",
    "norm": "lambeau field",
    "city": "Green Bay",
    "state": "WI",
    "indoor": false,
    "grass": true,
    "lat": null,
    "lon": null
  },
  "geha field at arrowhead stadium": {
    "name": "GEHA Field at Arrowhead Stadium",
    "norm": "geha field at arrowhead stadium",
    "city": "Kansas City",
    "state": "MO",
    "indoor": false,
    "grass": true,
    "lat": null,
    "lon": null
  }
}