{
  "albertsons stadium": {
    "name": "Albertsons Stadium",
    "norm": "albertsons stadium",
    "city": "Boise",
    "state": "ID",
    "indoor": false,
    "grass": false,
    "lat": 43.6166163,
    "lon": -116.200886
  },
  "stegeman coliseum": {
    "name": "Stegeman Coliseum",
    "norm": "stegeman coliseum",
    "city": "Athens",
    "state": "GA",
    "indoor": true,
    "grass": false,
    "lat": 33.9597677,
    "lon": -83.376398
  },
  "john paul jones arena": {
    "name": "John Paul Jones Arena",
    "norm": "john paul jones arena",
    "city": "Charlottesville",
    "state": "VA",
    "indoor": true,
    "grass": false,
    "lat": 38.029306,
    "lon": -78.4766781
  },
  "rocket arena": {
    "name": "Rocket Arena",
    "norm": "rocket arena",
    "city": "Cleveland",
    "state": "OH",
    "indoor": true,
    "grass": false,
    "lat": 41.4996574,
    "lon": -81.6936772
  },
  "benchmark international arena": {
    "name": "Benchmark International Arena",
    "norm": "benchmark international arena",
    "city": "Tampa",
    "state": "FL",
    "indoor": true,
    "grass": false,
    "lat": 27.9449854,
    "lon": -82.4583107
  },
  "td garden": {
    "name": "TD Garden",
    "norm": "td garden",
    "city": "Boston",
    "state": "MA",
    "indoor": true,
    "grass": false,
    "lat": 42.3588336,
    "lon": -71.0578303
  },
  "xfinity mobile arena": {
    "name": "Xfinity Mobile Arena",
    "norm": "xfinity mobile arena",
    "city": "Philadelphia",
    "state": "PA",
    "indoor": true,
    "grass": false,
    "lat": 39.9527237,
    "lon": -75.1635262
  },
  "smoothie king center": {
    "name": "Smoothie King Center",
    "norm": "smoothie king center",
    "city": "New Orleans",
    "state": "LA",
    "indoor": true,
    "grass": false,
    "lat": 29.9559145,
    "lon": -90.0730259
  },
  "dean e smith center": {
    "name": "Dean E. Smith Center",
    "norm": "dean e smith center",
    "city": "Chapel Hill",
    "state": "NC",
    "indoor": true,
    "grass": false,
    "lat": 35.9131542,
    "lon": -79.05578
  },
  "allen fieldhouse": {
    "name": "Allen Fieldhouse",
    "norm": "allen fieldhouse",
    "city": "Lawrence",
    "state": "KS",
    "indoor": true,
    "grass": false,
    "lat": 38.9719137,
    "lon": -95.2359403
  },
  "enterprise center": {
    "name": "Enterprise Center",
    "norm": "enterprise center",
    "city": "St. Louis",
    "state": "MO",
    "indoor": true,
    "grass": false,
    "lat": 38.6280278,
    "lon": -90.1910154
  },
  "lucas oil stadium": {
    "name": "Lucas Oil Stadium",
    "norm": "lucas oil stadium",
    "city": "Indianapolis",
    "state": "IN",
    "indoor": true,
    "grass": false,
    "lat": 39.7683331,
    "lon": -86.1583502
  },
  "ball arena": {
    "name": "Ball Arena",
    "norm": "ball arena",
    "city": "Denver",
    "state": "CO",
    "indoor": true,
    "grass": false,
    "lat": 39.7392364,
    "lon": -104.984862
  },
  "mckale memorial center": {
    "name": "McKale Memorial Center",
    "norm": "mckale memorial center",
    "city": "Tucson",
    "state": "AZ",
    "indoor": true,
    "grass": false,
    "lat": 32.2228765,
    "lon": -110.974847
  },
  "marriott center": {
    "name": "Marriott Center",
    "norm": "marriott center",
    "city": "Provo",
    "state": "UT",
    "indoor": true,
    "grass": false,
    "lat": 40.2337289,
    "lon": -111.6587085
  },
  "paycom center": {
    "name": "Paycom Center",
    "norm": "paycom center",
    "city": "Oklahoma City",
    "state": "OK",
    "indoor": true,
    "grass": false,
    "lat": 35.4729886,
    "lon": -97.5170536
  },
  "chase center": {
    "name": "Chase Center",
    "norm": "chase center",
    "city": "San Francisco",
    "state": "CA",
    "indoor": true,
    "grass": false,
    "lat": 37.7879363,
    "lon": -122.4075201
  },
  "moda center": {
    "name": "Moda Center",
    "norm": "moda center",
    "city": "Portland",
    "state": "OR",
    "indoor": true,
    "grass": false,
    "lat": 45.5202471,
    "lon": -122.674194
  },
  "honda center": {
    "name": "Honda Center",
    "norm": "honda center",
    "city": "Anaheim",
    "state": "CA",
    "indoor": true,
    "grass": false,
    "lat": 33.8347516,
    "lon": -117.911732
  },
  "cryptocom arena": {
    "name": "crypto.com Arena",
    "norm": "cryptocom arena",
    "city": "Los Angeles",
    "state": "CA",
    "indoor": true,
    "grass": false,
    "lat": 34.0536909,
    "lon": -118.242766
  },
  "flagler credit union stadium": {
    "name": "Flagler Credit Union Stadium",
    "norm": "flagler credit union stadium",
    "city": "Boca Raton",
    "state": "FL",
    "indoor": false,
    "grass": true,
    "lat": 26.3586885,
    "lon": -80.0830984
  },
  "scotiabank arena": {
    "name": "Scotiabank Arena",
    "norm": "scotiabank arena",
    "city": "Toronto",
    "state": "ON",
    "indoor": true,
    "grass": false,
    "lat": 39.7594645,
    "lon": -87.5011149
  },
  "caesars superdome": {
    "name": "Caesars Superdome",
    "norm": "caesars superdome",
    "city": "New Orleans",
    "state": "LA",
    "indoor": true,
    "grass": false,
    "lat": 29.9559145,
    "lon": -90.0730259
  },
  "little caesars arena": {
    "name": "Little Caesars Arena",
    "norm": "little caesars arena",
    "city": "Detroit",
    "state": "MI",
    "indoor": true,
    "grass": false,
    "lat": 42.3315509,
    "lon": -83.0466403
  },
  "spectrum center": {
    "name": "Spectrum Center",
    "norm": "spectrum center",
    "city": "Charlotte",
    "state": "NC",
    "indoor": true,
    "grass": false,
    "lat": 35.2272086,
    "lon": -80.8430827
  },
  "capital one arena": {
    "name": "Capital One Arena",
    "norm": "capital one arena",
    "city": "Washington",
    "state": "DC",
    "indoor": true,
    "grass": false,
    "lat": 38.8950368,
    "lon": -77.0365427
  },
  "canadian tire centre": {
    "name": "Canadian Tire Centre",
    "norm": "canadian tire centre",
    "city": "Ottawa",
    "state": "ON",
    "indoor": true,
    "grass": false,
    "lat": 39.6419261,
    "lon": -86.1655501
  },
  "ubs arena": {
    "name": "UBS Arena",
    "norm": "ubs arena",
    "city": "Elmont",
    "state": "NY",
    "indoor": true,
    "grass": false,
    "lat": 40.7053335,
    "lon": -73.7078294
  },
  "lenovo center": {
    "name": "Lenovo Center",
    "norm": "lenovo center",
    "city": "Raleigh",
    "state": "NC",
    "indoor": true,
    "grass": false,
    "lat": 35.7803977,
    "lon": -78.6390989
  },
  "state farm arena": {
    "name": "State Farm Arena",
    "norm": "state farm arena",
    "city": "Atlanta",
    "state": "GA",
    "indoor": true,
    "grass": false,
    "lat": 33.7544657,
    "lon": -84.3898151
  },
  "gainbridge fieldhouse": {
    "name": "Gainbridge Fieldhouse",
    "norm": "gainbridge fieldhouse",
    "city": "Indianapolis",
    "state": "IN",
    "indoor": true,
    "grass": false,
    "lat": 39.7683331,
    "lon": -86.1583502
  },
  "kaseya center": {
    "name": "Kaseya Center",
    "norm": "kaseya center",
    "city": "Miami",
    "state": "FL",
    "indoor": true,
    "grass": false,
    "lat": 25.7741566,
    "lon": -80.1935973
  },
  "american airlines center": {
    "name": "American Airlines Center",
    "norm": "american airlines center",
    "city": "Dallas",
    "state": "TX",
    "indoor": true,
    "grass": false,
    "lat": 32.7762719,
    "lon": -96.7968559
  },
  "target center": {
    "name": "Target Center",
    "norm": "target center",
    "city": "Minneapolis",
    "state": "MN",
    "indoor": true,
    "grass": false,
    "lat": 44.9772995,
    "lon": -93.2654692
  },
  "grand casino arena": {
    "name": "Grand Casino Arena",
    "norm": "grand casino arena",
    "city": "Saint Paul",
    "state": "MN",
    "indoor": true,
    "grass": false,
    "lat": 44.9497487,
    "lon": -93.0931028
  },
  "frost bank center": {
    "name": "Frost Bank Center",
    "norm": "frost bank center",
    "city": "San Antonio",
    "state": "TX",
    "indoor": true,
    "grass": false,
    "lat": 29.4246002,
    "lon": -98.4951405
  },
  "ford center at the star": {
    "name": "Ford Center At The Star",
    "norm": "ford center at the star",
    "city": "Frisco",
    "state": "TX",
    "indoor": true,
    "grass": false,
    "lat": 33.1505998,
    "lon": -96.8238183
  },
  "mortgage matchup center": {
    "name": "Mortgage Matchup Center",
    "norm": "mortgage matchup center",
    "city": "Phoenix",
    "state": "AZ",
    "indoor": true,
    "grass": false,
    "lat": 33.4484367,
    "lon": -112.074141
  },
  "delta center": {
    "name": "Delta Center",
    "norm": "delta center",
    "city": "Salt Lake City",
    "state": "UT",
    "indoor": true,
    "grass": false,
    "lat": 40.7596198,
    "lon": -111.886797
  },
  "united center": {
    "name": "United Center",
    "norm": "united center",
    "city": "Chicago",
    "state": "IL",
    "indoor": true,
    "grass": false,
    "lat": 41.8755616,
    "lon": -87.6244212
  },
  "rogers place": {
    "name": "Rogers Place",
    "norm": "rogers place",
    "city": "Edmonton",
    "state": "AB",
    "indoor": true,
    "grass": false,
    "lat": 36.9800563,
    "lon": -85.6121906
  },
  "golden 1 center": {
    "name": "Golden 1 Center",
    "norm": "golden 1 center",
    "city": "Sacramento",
    "state": "CA",
    "indoor": true,
    "grass": false,
    "lat": 38.5810606,
    "lon": -121.493895
  },
  "tmobile arena": {
    "name": "T-Mobile Arena",
    "norm": "tmobile arena",
    "city": "Las Vegas",
    "state": "NV",
    "indoor": true,
    "grass": false,
    "lat": 36.1674263,
    "lon": -115.1484131
  },
  "intuit dome": {
    "name": "Intuit Dome",
    "norm": "intuit dome",
    "city": "Inglewood",
    "state": "CA",
    "indoor": true,
    "grass": false,
    "lat": 33.9562003,
    "lon": -118.353132
  },
  "clarence tc ching athletics complex": {
    "name": "Clarence T.C. Ching Athletics Complex",
    "norm": "clarence tc ching athletics complex",
    "city": "Honolulu",
    "state": "HI",
    "indoor": false,
    "grass": true,
    "lat": 21.304547,
    "lon": -157.855676
  },
  "madison square garden": {
    "name": "Madison Square Garden",
    "norm": "madison square garden",
    "city": "New York",
    "state": "NY",
    "indoor": true,
    "grass": false,
    "lat": 40.7127281,
    "lon": -74.0060152
  },
  "northwest stadium": {
    "name": "Northwest Stadium",
    "norm": "northwest stadium",
    "city": "Landover",
    "state": "MD",
    "indoor": false,
    "grass": true,
    "lat": 38.9253129,
    "lon": -76.8815433
  },
  "us bank stadium": {
    "name": "U.S. Bank Stadium",
    "norm": "us bank stadium",
    "city": "Minneapolis",
    "state": "MN",
    "indoor": true,
    "grass": false,
    "lat": 44.9772995,
    "lon": -93.2654692
  },
  "geha field at arrowhead stadium": {
    "name": "GEHA Field at Arrowhead Stadium",
    "norm": "geha field at arrowhead stadium",
    "city": "Kansas City",
    "state": "MO",
    "indoor": false,
    "grass": true,
    "lat": 39.100105,
    "lon": -94.5781416
  },
  "ford field": {
    "name": "Ford Field",
    "norm": "ford field",
    "city": "Detroit",
    "state": "MI",
    "indoor": true,
    "grass": false,
    "lat": 42.3315509,
    "lon": -83.0466403
  },
  "chase field": {
    "name": "Chase Field",
    "norm": "chase field",
    "city": "Phoenix",
    "state": "AZ",
    "indoor": true,
    "grass": true,
    "lat": 33.4484367,
    "lon": -112.074141
  },
  "kia center": {
    "name": "Kia Center",
    "norm": "kia center",
    "city": "Orlando",
    "state": "FL",
    "indoor": true,
    "grass": false,
    "lat": 28.5421218,
    "lon": -81.379045
  },
  "gerald j ford stadium": {
    "name": "Gerald J. Ford Stadium",
    "norm": "gerald j ford stadium",
    "city": "Dallas",
    "state": "TX",
    "indoor": false,
    "grass": false,
    "lat": 32.7762719,
    "lon": -96.7968559
  },
  "fedexforum": {
    "name": "FedExForum",
    "norm": "fedexforum",
    "city": "Memphis",
    "state": "TN",
    "indoor": true,
    "grass": false,
    "lat": 35.1460249,
    "lon": -90.0517638
  },
  "navymarine corps memorial stadium": {
    "name": "Navy-Marine Corps Memorial Stadium",
    "norm": "navymarine corps memorial stadium",
    "city": "Annapolis",
    "state": "MD",
    "indoor": false,
    "grass": false,
    "lat": 38.9786401,
    "lon": -76.492786
  },
  "yankee stadium": {
    "name": "Yankee Stadium",
    "norm": "yankee stadium",
    "city": "Bronx",
    "state": "NY",
    "indoor": false,
    "grass": true,
    "lat": 40.8466508,
    "lon": -73.8785937
  },
  "fenway park": {
    "name": "Fenway Park",
    "norm": "fenway park",
    "city": "Boston",
    "state": "MA",
    "indoor": false,
    "grass": true,
    "lat": 42.3588336,
    "lon": -71.0578303
  },
  "camping world stadium": {
    "name": "Camping World Stadium",
    "norm": "camping world stadium",
    "city": "Orlando",
    "state": "FL",
    "indoor": false,
    "grass": false,
    "lat": 28.5421218,
    "lon": -81.379045
  },
  "sofi stadium": {
    "name": "SoFi Stadium",
    "norm": "sofi stadium",
    "city": "Inglewood",
    "state": "CA",
    "indoor": true,
    "grass": false,
    "lat": 33.9562003,
    "lon": -118.353132
  },
  "arizona stadium": {
    "name": "Arizona Stadium",
    "norm": "arizona stadium",
    "city": "Tucson",
    "state": "AZ",
    "indoor": false,
    "grass": false,
    "lat": 32.2228765,
    "lon": -110.974847
  },
  "university stadium nm": {
    "name": "University Stadium (NM)",
    "norm": "university stadium nm",
    "city": "Albuquerque",
    "state": "NM",
    "indoor": false,
    "grass": false,
    "lat": 35.0841034,
    "lon": -106.650985
  },
  "keybank center": {
    "name": "KeyBank Center",
    "norm": "keybank center",
    "city": "Buffalo",
    "state": "NY",
    "indoor": true,
    "grass": false,
    "lat": 42.8864163,
    "lon": -78.8781493
  },
  "amerant bank arena": {
    "name": "Amerant Bank Arena",
    "norm": "amerant bank arena",
    "city": "Sunrise",
    "state": "FL",
    "indoor": true,
    "grass": false,
    "lat": 26.1666888,
    "lon": -80.2787573
  },
  "prudential center": {
    "name": "Prudential Center",
    "norm": "prudential center",
    "city": "Newark",
    "state": "NJ",
    "indoor": true,
    "grass": false,
    "lat": 40.735657,
    "lon": -74.1723667
  },
  "canada life centre": {
    "name": "Canada Life Centre",
    "norm": "canada life centre",
    "city": "Winnipeg",
    "state": "MB",
    "indoor": true,
    "grass": false,
    "lat": 37.6044889,
    "lon": -92.30222
  },
  "everbank stadium": {
    "name": "EverBank Stadium",
    "norm": "everbank stadium",
    "city": "Jacksonville",
    "state": "FL",
    "indoor": false,
    "grass": true,
    "lat": 30.3321838,
    "lon": -81.655651
  },
  "lambeau field": {
    "name": "Lambeau Field",
    "norm": "lambeau field",
    "city": "Green Bay",
    "state": "WI",
    "indoor": false,
    "grass": true,
    "lat": 44.5126379,
    "lon": -88.0125794
  },
  "toyota center houston": {
    "name": "Toyota Center (Houston)",
    "norm": "toyota center houston",
    "city": "Houston",
    "state": "TX",
    "indoor": true,
    "grass": false,
    "lat": 29.7589382,
    "lon": -95.3676974
  },
  "nrg stadium": {
    "name": "NRG Stadium",
    "norm": "nrg stadium",
    "city": "Houston",
    "state": "TX",
    "indoor": true,
    "grass": false,
    "lat": 29.7589382,
    "lon": -95.3676974
  },
  "scotiabank saddledome": {
    "name": "Scotiabank Saddledome",
    "norm": "scotiabank saddledome",
    "city": "Calgary",
    "state": "AB",
    "indoor": true,
    "grass": false,
    "lat": 31.6174004,
    "lon": -94.1193622
  },
  "rogers arena": {
    "name": "Rogers Arena",
    "norm": "rogers arena",
    "city": "Vancouver",
    "state": "BC",
    "indoor": true,
    "grass": false,
    "lat": 45.6306954,
    "lon": -122.6744557
  },
  "paycor stadium": {
    "name": "Paycor Stadium",
    "norm": "paycor stadium",
    "city": "Cincinnati",
    "state": "OH",
    "indoor": false,
    "grass": false,
    "lat": 39.1014537,
    "lon": -84.5124602
  },
  "huntington bank field": {
    "name": "Huntington Bank Field",
    "norm": "huntington bank field",
    "city": "Cleveland",
    "state": "OH",
    "indoor": false,
    "grass": true,
    "lat": 41.4996574,
    "lon": -81.6936772
  },
  "nissan stadium": {
    "name": "Nissan Stadium",
    "norm": "nissan stadium",
    "city": "Nashville",
    "state": "TN",
    "indoor": false,
    "grass": false,
    "lat": 36.1622767,
    "lon": -86.7742984
  },
  "hard rock stadium": {
    "name": "Hard Rock Stadium",
    "norm": "hard rock stadium",
    "city": "Miami Gardens",
    "state": "FL",
    "indoor": false,
    "grass": true,
    "lat": 25.9420377,
    "lon": -80.2456045
  },
  "metlife stadium": {
    "name": "MetLife Stadium",
    "norm": "metlife stadium",
    "city": "East Rutherford",
    "state": "NJ",
    "indoor": false,
    "grass": false,
    "lat": 40.833989,
    "lon": -74.0970865
  },
  "bank of america stadium": {
    "name": "Bank of America Stadium",
    "norm": "bank of america stadium",
    "city": "Charlotte",
    "state": "NC",
    "indoor": false,
    "grass": false,
    "lat": 35.2272086,
    "lon": -80.8430827
  },
  "united supermarkets arena": {
    "name": "United Supermarkets Arena",
    "norm": "united supermarkets arena",
    "city": "Lubbock",
    "state": "TX",
    "indoor": true,
    "grass": false,
    "lat": 33.5855677,
    "lon": -101.8470215
  },
  "allegiant stadium": {
    "name": "Allegiant Stadium",
    "norm": "allegiant stadium",
    "city": "Las Vegas",
    "state": "NV",
    "indoor": true,
    "grass": true,
    "lat": 36.1674263,
    "lon": -115.1484131
  },
  "highmark stadium": {
    "name": "Highmark Stadium",
    "norm": "highmark stadium",
    "city": "Orchard Park",
    "state": "NY",
    "indoor": false,
    "grass": false,
    "lat": 42.7670376,
    "lon": -78.7435517
  },
  "nationwide arena": {
    "name": "Nationwide Arena",
    "norm": "nationwide arena",
    "city": "Columbus",
    "state": "OH",
    "indoor": true,
    "grass": false,
    "lat": 39.9622601,
    "lon": -83.0007065
  },
  "firestone fieldhouse": {
    "name": "Firestone Fieldhouse",
    "norm": "firestone fieldhouse",
    "city": "Malibu",
    "state": "CA",
    "indoor": true,
    "grass": false,
    "lat": 34.035591,
    "lon": -118.689423
  },
  "climate pledge arena": {
    "name": "Climate Pledge Arena",
    "norm": "climate pledge arena",
    "city": "Seattle",
    "state": "WA",
    "indoor": true,
    "grass": false,
    "lat": 47.6038321,
    "lon": -122.330062
  },
  "levis stadium": {
    "name": "Levi's Stadium",
    "norm": "levis stadium",
    "city": "Santa Clara",
    "state": "CA",
    "indoor": false,
    "grass": true,
    "lat": 37.3541132,
    "lon": -121.955174
  },
  "protective stadium": {
    "name": "Protective Stadium",
    "norm": "protective stadium",
    "city": "Birmingham",
    "state": "AL",
    "indoor": false,
    "grass": true,
    "lat": 33.5206824,
    "lon": -86.8024326
  },
  "state farm center": {
    "name": "State Farm Center",
    "norm": "state farm center",
    "city": "Champaign",
    "state": "IL",
    "indoor": true,
    "grass": false,
    "lat": 40.1164841,
    "lon": -88.2430932
  },
  "carverhawkeye arena": {
    "name": "Carver-Hawkeye Arena",
    "norm": "carverhawkeye arena",
    "city": "Iowa City",
    "state": "IA",
    "indoor": true,
    "grass": false,
    "lat": 41.6612561,
    "lon": -91.5299106
  },
  "memorial gymnasium tn": {
    "name": "Memorial Gymnasium (TN)",
    "norm": "memorial gymnasium tn",
    "city": "Nashville",
    "state": "TN",
    "indoor": true,
    "grass": false,
    "lat": 36.1622767,
    "lon": -86.7742984
  },
  "stephen c oconnell center": {
    "name": "Stephen C. O'Connell Center",
    "norm": "stephen c oconnell center",
    "city": "Gainesville",
    "state": "FL",
    "indoor": true,
    "grass": false,
    "lat": 29.6519684,
    "lon": -82.3249846
  },
  "crisler center": {
    "name": "Crisler Center",
    "norm": "crisler center",
    "city": "Ann Arbor",
    "state": "MI",
    "indoor": true,
    "grass": false,
    "lat": 42.2813722,
    "lon": -83.7484616
  },
  "mackey arena": {
    "name": "Mackey Arena",
    "norm": "mackey arena",
    "city": "West Lafayette",
    "state": "IN",
    "indoor": true,
    "grass": false,
    "lat": 40.4258686,
    "lon": -86.9080655
  },
  "breslin center": {
    "name": "Breslin Center",
    "norm": "breslin center",
    "city": "East Lansing",
    "state": "MI",
    "indoor": true,
    "grass": false,
    "lat": 42.7320307,
    "lon": -84.4721678
  },
  "barclays center": {
    "name": "Barclays Center",
    "norm": "barclays center",
    "city": "Brooklyn",
    "state": "NY",
    "indoor": true,
    "grass": false,
    "lat": 40.6526006,
    "lon": -73.9497211
  },
  "hilton coliseum": {
    "name": "Hilton Coliseum",
    "norm": "hilton coliseum",
    "city": "Ames",
    "state": "IA",
    "indoor": true,
    "grass": false,
    "lat": 42.0267567,
    "lon": -93.6170448
  },
  "fertitta center": {
    "name": "Fertitta Center",
    "norm": "fertitta center",
    "city": "Houston",
    "state": "TX",
    "indoor": true,
    "grass": false,
    "lat": 29.7589382,
    "lon": -95.3676974
  },
  "coleman coliseum": {
    "name": "Coleman Coliseum",
    "norm": "coleman coliseum",
    "city": "Tuscaloosa",
    "state": "AL",
    "indoor": true,
    "grass": false,
    "lat": 33.2095614,
    "lon": -87.5675258
  },
  "bud walton arena": {
    "name": "Bud Walton Arena",
    "norm": "bud walton arena",
    "city": "Fayetteville",
    "state": "AR",
    "indoor": true,
    "grass": false,
    "lat": 36.0625843,
    "lon": -94.1574328
  },
  "mercedesbenz stadium": {
    "name": "Mercedes-Benz Stadium",
    "norm": "mercedesbenz stadium",
    "city": "Atlanta",
    "state": "GA",
    "indoor": true,
    "grass": false,
    "lat": 33.7544657,
    "lon": -84.3898151
  },
  "independence stadium": {
    "name": "Independence Stadium",
    "norm": "independence stadium",
    "city": "Shreveport",
    "state": "LA",
    "indoor": false,
    "grass": false,
    "lat": 32.5135356,
    "lon": -93.7477839
  },
  "ppg paints arena": {
    "name": "PPG Paints Arena",
    "norm": "ppg paints arena",
    "city": "Pittsburgh",
    "state": "PA",
    "indoor": true,
    "grass": false,
    "lat": 40.4406968,
    "lon": -80.0025666
  },
  "food city center": {
    "name": "Food City Center",
    "norm": "food city center",
    "city": "Knoxville",
    "state": "TN",
    "indoor": true,
    "grass": false,
    "lat": 35.9603948,
    "lon": -83.9210261
  },
  "alamodome": {
    "name": "Alamodome",
    "norm": "alamodome",
    "city": "San Antonio",
    "state": "TX",
    "indoor": true,
    "grass": false,
    "lat": 29.4246002,
    "lon": -98.4951405
  },
  "pinnacle bank arena": {
    "name": "Pinnacle Bank Arena",
    "norm": "pinnacle bank arena",
    "city": "Lincoln",
    "state": "NE",
    "indoor": true,
    "grass": false,
    "lat": 40.8088861,
    "lon": -96.7077751
  },
  "haas pavilion": {
    "name": "Haas Pavilion",
    "norm": "haas pavilion",
    "city": "Berkeley",
    "state": "CA",
    "indoor": true,
    "grass": false,
    "lat": 37.8708393,
    "lon": -122.272863
  },
  "jenny craig pavilion": {
    "name": "Jenny Craig Pavilion",
    "norm": "jenny craig pavilion",
    "city": "San Diego",
    "state": "CA",
    "indoor": true,
    "grass": false,
    "lat": 32.7174202,
    "lon": -117.162772
  },
  "cassell coliseum": {
    "name": "Cassell Coliseum",
    "norm": "cassell coliseum",
    "city": "Blacksburg",
    "state": "VA",
    "indoor": true,
    "grass": false,
    "lat": 37.2296566,
    "lon": -80.4136767
  },
  "cameron indoor stadium": {
    "name": "Cameron Indoor Stadium",
    "norm": "cameron indoor stadium",
    "city": "Durham",
    "state": "NC",
    "indoor": true,
    "grass": false,
    "lat": 35.996653,
    "lon": -78.9018053
  },
  "sap center at san jose": {
    "name": "SAP Center at San Jose",
    "norm": "sap center at san jose",
    "city": "San Jose",
    "state": "CA",
    "indoor": true,
    "grass": false,
    "lat": 37.3361663,
    "lon": -121.890591
  },
  "cintas center": {
    "name": "Cintas Center",
    "norm": "cintas center",
    "city": "Cincinnati",
    "state": "OH",
    "indoor": true,
    "grass": false,
    "lat": 39.1014537,
    "lon": -84.5124602
  },
  "maples pavilion": {
    "name": "Maples Pavilion",
    "norm": "maples pavilion",
    "city": "Stanford",
    "state": "CA",
    "indoor": true,
    "grass": false,
    "lat": 37.4265407,
    "lon": -122.1703055
  },
  "mccarthey athletic center": {
    "name": "McCarthey Athletic Center",
    "norm": "mccarthey athletic center",
    "city": "Spokane",
    "state": "WA",
    "indoor": true,
    "grass": false,
    "lat": 47.6571934,
    "lon": -117.42351
  },
  "bramlage coliseum": {
    "name": "Bramlage Coliseum",
    "norm": "bramlage coliseum",
    "city": "Manhattan",
    "state": "KS",
    "indoor": true,
    "grass": false,
    "lat": 39.1836082,
    "lon": -96.5716694
  },
  "fifth third arena": {
    "name": "Fifth Third Arena",
    "norm": "fifth third arena",
    "city": "Cincinnati",
    "state": "OH",
    "indoor": true,
    "grass": false,
    "lat": 39.1014537,
    "lon": -84.5124602
  },
  "colonial life arena": {
    "name": "Colonial Life Arena",
    "norm": "colonial life arena",
    "city": "Columbia",
    "state": "SC",
    "indoor": true,
    "grass": false,
    "lat": 34.000754,
    "lon": -81.0352313
  },
  "addition financial arena": {
    "name": "Addition Financial Arena",
    "norm": "addition financial arena",
    "city": "Orlando",
    "state": "FL",
    "indoor": true,
    "grass": false,
    "lat": 28.5421218,
    "lon": -81.379045
  },
  "moody coliseum dallas": {
    "name": "Moody Coliseum (Dallas)",
    "norm": "moody coliseum dallas",
    "city": "Dallas",
    "state": "TX",
    "indoor": true,
    "grass": false,
    "lat": 32.7762719,
    "lon": -96.7968559
  },
  "tucker center": {
    "name": "Tucker Center",
    "norm": "tucker center",
    "city": "Tallahassee",
    "state": "FL",
    "indoor": true,
    "grass": false,
    "lat": 30.4380832,
    "lon": -84.2809332
  },
  "jon m huntsman center": {
    "name": "Jon M. Huntsman Center",
    "norm": "jon m huntsman center",
    "city": "Salt Lake City",
    "state": "UT",
    "indoor": true,
    "grass": false,
    "lat": 40.7596198,
    "lon": -111.886797
  },
  "bryce jordan center": {
    "name": "Bryce Jordan Center",
    "norm": "bryce jordan center",
    "city": "University Park",
    "state": "PA",
    "indoor": true,
    "grass": false,
    "lat": 34.7406465,
    "lon": -86.6230495
  },
  "kohl center": {
    "name": "Kohl Center",
    "norm": "kohl center",
    "city": "Madison",
    "state": "WI",
    "indoor": true,
    "grass": false,
    "lat": 43.07469,
    "lon": -89.3841663
  },
  "mizzou arena": {
    "name": "Mizzou Arena",
    "norm": "mizzou arena",
    "city": "Columbia",
    "state": "MO",
    "indoor": true,
    "grass": false,
    "lat": 38.951883,
    "lon": -92.3337366
  },
  "soldier field": {
    "name": "Soldier Field",
    "norm": "soldier field",
    "city": "Chicago",
    "state": "IL",
    "indoor": false,
    "grass": true,
    "lat": 41.8755616,
    "lon": -87.6244212
  },
  "empower field at mile high": {
    "name": "Empower Field at Mile High",
    "norm": "empower field at mile high",
    "city": "Denver",
    "state": "CO",
    "indoor": false,
    "grass": true,
    "lat": 39.7392364,
    "lon": -104.984862
  },
  "gillette stadium": {
    "name": "Gillette Stadium",
    "norm": "gillette stadium",
    "city": "Foxborough",
    "state": "MA",
    "indoor": false,
    "grass": false,
    "lat": 42.0653768,
    "lon": -71.2478308
  },
  "lincoln financial field": {
    "name": "Lincoln Financial Field",
    "norm": "lincoln financial field",
    "city": "Philadelphia",
    "state": "PA",
    "indoor": false,
    "grass": true,
    "lat": 39.9527237,
    "lon": -75.1635262
  },
  "acrisure stadium": {
    "name": "Acrisure Stadium",
    "norm": "acrisure stadium",
    "city": "Pittsburgh",
    "state": "PA",
    "indoor": false,
    "grass": true,
    "lat": 40.4406968,
    "lon": -80.0025666
  },
  "raymond james stadium": {
    "name": "Raymond James Stadium",
    "norm": "raymond james stadium",
    "city": "Tampa",
    "state": "FL",
    "indoor": false,
    "grass": true,
    "lat": 27.9449854,
    "lon": -82.4583107
  },
  "ed smith stadium": {
    "name": "Ed Smith Stadium",
    "norm": "ed smith stadium",
    "city": "Sarasota",
    "state": "Florida",
    "indoor": false,
    "grass": true,
    "lat": 27.3365805,
    "lon": -82.5308545
  },
  "sloan park": {
    "name": "Sloan Park",
    "norm": "sloan park",
    "city": "Mesa",
    "state": "Arizona",
    "indoor": false,
    "grass": true,
    "lat": 33.4151005,
    "lon": -111.831455
  },
  "salt river fields at talking stick": {
    "name": "Salt River Fields at Talking Stick",
    "norm": "salt river fields at talking stick",
    "city": "Scottsdale",
    "state": "Arizona",
    "indoor": false,
    "grass": false,
    "lat": 33.4942189,
    "lon": -111.926018
  },
  "peoria stadium": {
    "name": "Peoria Stadium",
    "norm": "peoria stadium",
    "city": "Peoria",
    "state": "Arizona",
    "indoor": false,
    "grass": false,
    "lat": 33.5806115,
    "lon": -112.237294
  },
  "surprise stadium": {
    "name": "Surprise Stadium",
    "norm": "surprise stadium",
    "city": "Surprise",
    "state": "Arizona",
    "indoor": false,
    "grass": false,
    "lat": 33.629247,
    "lon": -112.3681428
  },
  "camelback ranch glendale": {
    "name": "Camelback Ranch - Glendale",
    "norm": "camelback ranch glendale",
    "city": "Phoenix",
    "state": "Arizona",
    "indoor": false,
    "grass": false,
    "lat": 33.4484367,
    "lon": -112.074141
  },
  "goodyear ballpark": {
    "name": "Goodyear Ballpark",
    "norm": "goodyear ballpark",
    "city": "Goodyear",
    "state": "Arizona",
    "indoor": false,
    "grass": true,
    "lat": 33.4672279,
    "lon": -112.3853489
  },
  "american family fields of phoenix": {
    "name": "American Family Fields of Phoenix",
    "norm": "american family fields of phoenix",
    "city": "Phoenix",
    "state": "Arizona",
    "indoor": false,
    "grass": true,
    "lat": 33.4484367,
    "lon": -112.074141
  },
  "hammond stadium": {
    "name": "Hammond Stadium",
    "norm": "hammond stadium",
    "city": "Fort Myers",
    "state": "Florida",
    "indoor": false,
    "grass": true,
    "lat": 26.640628,
    "lon": -81.8723084
  },
  "clover park": {
    "name": "Clover Park",
    "norm": "clover park",
    "city": "Port St. Lucie",
    "state": "Florida",
    "indoor": false,
    "grass": true,
    "lat": 27.2939333,
    "lon": -80.3503283
  },
  "george m steinbrenner field": {
    "name": "George M. Steinbrenner Field",
    "norm": "george m steinbrenner field",
    "city": "Tampa",
    "state": "Florida",
    "indoor": false,
    "grass": false,
    "lat": 27.9449854,
    "lon": -82.4583107
  },
  "roger dean chevrolet stadium": {
    "name": "Roger Dean Chevrolet Stadium",
    "norm": "roger dean chevrolet stadium",
    "city": "Jupiter",
    "state": "Florida",
    "indoor": false,
    "grass": false,
    "lat": 26.9342246,
    "lon": -80.0942087
  },
  "charlotte sports park": {
    "name": "Charlotte Sports Park",
    "norm": "charlotte sports park",
    "city": "Port Charlotte",
    "state": "Florida",
    "indoor": true,
    "grass": false,
    "lat": 26.9761707,
    "lon": -82.0906448
  },
  "td ballpark": {
    "name": "TD Ballpark",
    "norm": "td ballpark",
    "city": "Dunedin",
    "state": "Florida",
    "indoor": false,
    "grass": true,
    "lat": 28.0116627,
    "lon": -82.7893788
  },
  "cacti park of the palm beaches": {
    "name": "CACTI Park of the Palm Beaches",
    "norm": "cacti park of the palm beaches",
    "city": "Palm Beach",
    "state": "Florida",
    "indoor": false,
    "grass": true,
    "lat": 26.6279798,
    "lon": -80.4494174
  },
  "tempe diablo stadium": {
    "name": "Tempe Diablo Stadium",
    "norm": "tempe diablo stadium",
    "city": "Tempe",
    "state": "Arizona",
    "indoor": false,
    "grass": false,
    "lat": 33.4255117,
    "lon": -111.940016
  },
  "sutter health park": {
    "name": "Sutter Health Park",
    "norm": "sutter health park",
    "city": "Sacramento",
    "state": "California",
    "indoor": false,
    "grass": true,
    "lat": 38.5810606,
    "lon": -121.493895
  },
  "cooltoday park": {
    "name": "CoolToday Park",
    "norm": "cooltoday park",
    "city": "North Port",
    "state": "Florida",
    "indoor": false,
    "grass": true,
    "lat": 27.044224,
    "lon": -82.2359254
  },
  "jetblue park at fenway south": {
    "name": "JetBlue Park at Fenway South",
    "norm": "jetblue park at fenway south",
    "city": "Fort Myers",
    "state": "Florida",
    "indoor": false,
    "grass": false,
    "lat": 26.640628,
    "lon": -81.8723084
  },
  "publix field at joker marchant stadium": {
    "name": "Publix Field at Joker Marchant Stadium",
    "norm": "publix field at joker marchant stadium",
    "city": "Lakeland",
    "state": "Florida",
    "indoor": false,
    "grass": false,
    "lat": 28.0394654,
    "lon": -81.9498042
  },
  "baycare ballpark": {
    "name": "BayCare Ballpark",
    "norm": "baycare ballpark",
    "city": "Clearwater",
    "state": "Florida",
    "indoor": false,
    "grass": false,
    "lat": 27.9658533,
    "lon": -82.8001026
  },
  "lecom park": {
    "name": "LECOM Park",
    "norm": "lecom park",
    "city": "Bradenton",
    "state": "Florida",
    "indoor": false,
    "grass": true,
    "lat": 27.4989278,
    "lon": -82.5748194
  },
  "scottsdale stadium": {
    "name": "Scottsdale Stadium",
    "norm": "scottsdale stadium",
    "city": "Scottsdale",
    "state": "Arizona",
    "indoor": false,
    "grass": false,
    "lat": 33.4942189,
    "lon": -111.926018
  }
}