{
  "timestamp": "2025-11-26T03:43:57.907265",
  "venues": {
    "suncoast credit union arena": {
      "name": "Suncoast Credit Union Arena",
      "norm": "suncoast credit union arena",
      "city": "Fort Myers",
      "state": "FL",
      "indoor": true,
      "grass": false,
      "lat": null,
      "lon": null,
      "weather": null
    },
    "michelob ultra arena": {
      "name": "Michelob ULTRA Arena",
      "norm": "michelob ultra arena",
      "city": "Las Vegas",
      "state": "NV",
      "indoor": true,
      "grass": false,
      "lat": null,
      "lon": null,
      "weather": null
    },
    "warren mcguirk alumni stadium": {
      "name": "Warren McGuirk Alumni Stadium",
      "norm": "warren mcguirk alumni stadium",
      "city": "Amherst",
      "state": "MA",
      "indoor": false,
      "grass": false,
      "lat": null,
      "lon": null,
      "weather": null
    },
    "mgm grand garden arena": {
      "name": "MGM Grand Garden Arena",
      "norm": "mgm grand garden arena",
      "city": "Las Vegas",
      "state": "NV",
      "indoor": true,
      "grass": false,
      "lat": null,
      "lon": null,
      "weather": null
    },
    "rynearson stadium": {
      "name": "Rynearson Stadium",
      "norm": "rynearson stadium",
      "city": "Ypsilanti",
      "state": "MI",
      "indoor": false,
      "grass": false,
      "lat": null,
      "lon": null,
      "weather": null
    },
    "xfinity mobile arena": {
      "name": "Xfinity Mobile Arena",
      "norm": "xfinity mobile arena",
      "city": "Philadelphia",
      "state": "PA",
      "indoor": true,
      "grass": false,
      "lat": null,
      "lon": null,
      "weather": null
    },
    "simon skjodt assembly hall": {
      "name": "Simon Skjodt Assembly Hall",
      "norm": "simon skjodt assembly hall",
      "city": "Bloomington",
      "state": "IN",
      "indoor": true,
      "grass": false,
      "lat": null,
      "lon": null,
      "weather": null
    },
    "chase center": {
      "name": "Chase Center",
      "norm": "chase center",
      "city": "San Francisco",
      "state": "CA",
      "indoor": true,
      "grass": false,
      "lat": null,
      "lon": null,
      "weather": null
    },
    "cryptocom arena": {
      "name": "crypto.com Arena",
      "norm": "cryptocom arena",
      "city": "Los Angeles",
      "state": "CA",
      "indoor": true,
      "grass": false,
      "lat": null,
      "lon": null,
      "weather": null
    },
    "united supermarkets arena": {
      "name": "United Supermarkets Arena",
      "norm": "united supermarkets arena",
      "city": "Lubbock",
      "state": "TX",
      "indoor": true,
      "grass": false,
      "lat": null,
      "lon": null,
      "weather": null
    },
    "td garden": {
      "name": "TD Garden",
      "norm": "td garden",
      "city": "Boston",
      "state": "MA",
      "indoor": true,
      "grass": false,
      "lat": null,
      "lon": null,
      "weather": null
    },
    "spectrum center": {
      "name": "Spectrum Center",
      "norm": "spectrum center",
      "city": "Charlotte",
      "state": "NC",
      "indoor": true,
      "grass": false,
      "lat": null,
      "lon": null,
      "weather": null
    },
    "rupp arena": {
      "name": "Rupp Arena",
      "norm": "rupp arena",
      "city": "Lexington",
      "state": "KY",
      "indoor": true,
      "grass": false,
      "lat": null,
      "lon": null,
      "weather": null
    },
    "little caesars arena": {
      "name": "Little Caesars Arena",
      "norm": "little caesars arena",
      "city": "Detroit",
      "state": "MI",
      "indoor": true,
      "grass": false,
      "lat": null,
      "lon": null,
      "weather": null
    },
    "benchmark international arena": {
      "name": "Benchmark International Arena",
      "norm": "benchmark international arena",
      "city": "Tampa",
      "state": "FL",
      "indoor": true,
      "grass": false,
      "lat": null,
      "lon": null,
      "weather": null
    },
    "amerant bank arena": {
      "name": "Amerant Bank Arena",
      "norm": "amerant bank arena",
      "city": "Sunrise",
      "state": "FL",
      "indoor": true,
      "grass": false,
      "lat": null,
      "lon": null,
      "weather": null
    },
    "prudential center": {
      "name": "Prudential Center",
      "norm": "prudential center",
      "city": "Newark",
      "state": "NJ",
      "indoor": true,
      "grass": false,
      "lat": null,
      "lon": null,
      "weather": null
    },
    "ubs arena": {
      "name": "UBS Arena",
      "norm": "ubs arena",
      "city": "Elmont",
      "state": "NY",
      "indoor": true,
      "grass": false,
      "lat": null,
      "lon": null,
      "weather": null
    },
    "ppg paints arena": {
      "name": "PPG Paints Arena",
      "norm": "ppg paints arena",
      "city": "Pittsburgh",
      "state": "PA",
      "indoor": true,
      "grass": false,
      "lat": null,
      "lon": null,
      "weather": null
    },
    "lenovo center": {
      "name": "Lenovo Center",
      "norm": "lenovo center",
      "city": "Raleigh",
      "state": "NC",
      "indoor": true,
      "grass": false,
      "lat": null,
      "lon": null,
      "weather": null
    },
    "nationwide arena": {
      "name": "Nationwide Arena",
      "norm": "nationwide arena",
      "city": "Columbus",
      "state": "OH",
      "indoor": true,
      "grass": false,
      "lat": null,
      "lon": null,
      "weather": null
    },
    "kaseya center": {
      "name": "Kaseya Center",
      "norm": "kaseya center",
      "city": "Miami",
      "state": "FL",
      "indoor": true,
      "grass": false,
      "lat": null,
      "lon": null,
      "weather": null
    },
    "paycom center": {
      "name": "Paycom Center",
      "norm": "paycom center",
      "city": "Oklahoma City",
      "state": "OK",
      "indoor": true,
      "grass": false,
      "lat": null,
      "lon": null,
      "weather": null
    },
    "smoothie king center": {
      "name": "Smoothie King Center",
      "norm": "smoothie king center",
      "city": "New Orleans",
      "state": "LA",
      "indoor": true,
      "grass": false,
      "lat": null,
      "lon": null,
      "weather": null
    },
    "united center": {
      "name": "United Center",
      "norm": "united center",
      "city": "Chicago",
      "state": "IL",
      "indoor": true,
      "grass": false,
      "lat": null,
      "lon": null,
      "weather": null
    },
    "kfc yum center": {
      "name": "KFC Yum! Center",
      "norm": "kfc yum center",
      "city": "Louisville",
      "state": "KY",
      "indoor": true,
      "grass": false,
      "lat": null,
      "lon": null,
      "weather": null
    },
    "ball arena": {
      "name": "Ball Arena",
      "norm": "ball arena",
      "city": "Denver",
      "state": "CO",
      "indoor": true,
      "grass": false,
      "lat": null,
      "lon": null,
      "weather": null
    },
    "delta center": {
      "name": "Delta Center",
      "norm": "delta center",
      "city": "Salt Lake City",
      "state": "UT",
      "indoor": true,
      "grass": false,
      "lat": null,
      "lon": null,
      "weather": null
    },
    "moda center": {
      "name": "Moda Center",
      "norm": "moda center",
      "city": "Portland",
      "state": "OR",
      "indoor": true,
      "grass": false,
      "lat": null,
      "lon": null,
      "weather": null
    },
    "golden 1 center": {
      "name": "Golden 1 Center",
      "norm": "golden 1 center",
      "city": "Sacramento",
      "state": "CA",
      "indoor": true,
      "grass": false,
      "lat": null,
      "lon": null,
      "weather": null
    },
    "tmobile arena": {
      "name": "T-Mobile Arena",
      "norm": "tmobile arena",
      "city": "Las Vegas",
      "state": "NV",
      "indoor": true,
      "grass": false,
      "lat": null,
      "lon": null,
      "weather": null
    },
    "honda center": {
      "name": "Honda Center",
      "norm": "honda center",
      "city": "Anaheim",
      "state": "CA",
      "indoor": true,
      "grass": false,
      "lat": null,
      "lon": null,
      "weather": null
    },
    "climate pledge arena": {
      "name": "Climate Pledge Arena",
      "norm": "climate pledge arena",
      "city": "Seattle",
      "state": "WA",
      "indoor": true,
      "grass": false,
      "lat": null,
      "lon": null,
      "weather": null
    },
    "ford field": {
      "name": "Ford Field",
      "norm": "ford field",
      "city": "Detroit",
      "state": "MI",
      "indoor": true,
      "grass": false,
      "lat": null,
      "lon": null,
      "weather": null
    },
    "jenny craig pavilion": {
      "name": "Jenny Craig Pavilion",
      "norm": "jenny craig pavilion",
      "city": "San Diego",
      "state": "CA",
      "indoor": true,
      "grass": false,
      "lat": null,
      "lon": null,
      "weather": null
    },
    "att stadium": {
      "name": "AT&T Stadium",
      "norm": "att stadium",
      "city": "Arlington",
      "state": "TX",
      "indoor": true,
      "grass": false,
      "lat": null,
      "lon": null,
      "weather": null
    },
    "state farm field house": {
      "name": "State Farm Field House",
      "norm": "state farm field house",
      "city": "Kissimmee",
      "state": "FL",
      "indoor": true,
      "grass": false,
      "lat": null,
      "lon": null,
      "weather": null
    },
    "simmons bank liberty stadium": {
      "name": "Simmons Bank Liberty Stadium",
      "norm": "simmons bank liberty stadium",
      "city": "Memphis",
      "state": "TN",
      "indoor": false,
      "grass": false,
      "lat": null,
      "lon": null,
      "weather": null
    },
    "mt bank stadium": {
      "name": "M&T Bank Stadium",
      "norm": "mt bank stadium",
      "city": "Baltimore",
      "state": "MD",
      "indoor": false,
      "grass": true,
      "lat": null,
      "lon": null,
      "weather": null
    },
    "davis wade stadium": {
      "name": "Davis Wade Stadium",
      "norm": "davis wade stadium",
      "city": "Starkville",
      "state": "MS",
      "indoor": false,
      "grass": true,
      "lat": null,
      "lon": null,
      "weather": null
    },
    "david booth kansas memorial stadium": {
      "name": "David Booth Kansas Memorial Stadium",
      "norm": "david booth kansas memorial stadium",
      "city": "Lawrence",
      "state": "KS",
      "indoor": false,
      "grass": false,
      "lat": null,
      "lon": null,
      "weather": null
    },
    "memorial stadium lincoln ne": {
      "name": "Memorial Stadium (Lincoln, NE)",
      "norm": "memorial stadium lincoln ne",
      "city": "Lincoln",
      "state": "NE",
      "indoor": false,
      "grass": false,
      "lat": null,
      "lon": null,
      "weather": null
    },
    "ub stadium": {
      "name": "UB Stadium",
      "norm": "ub stadium",
      "city": "Buffalo",
      "state": "NY",
      "indoor": false,
      "grass": false,
      "lat": null,
      "lon": null,
      "weather": null
    },
    "huskie stadium": {
      "name": "Huskie Stadium",
      "norm": "huskie stadium",
      "city": "Dekalb",
      "state": "IL",
      "indoor": false,
      "grass": false,
      "lat": null,
      "lon": null,
      "weather": null
    },
    "mackey arena": {
      "name": "Mackey Arena",
      "norm": "mackey arena",
      "city": "West Lafayette",
      "state": "IN",
      "indoor": true,
      "grass": false,
      "lat": null,
      "lon": null,
      "weather": null
    },
    "madison square garden": {
      "name": "Madison Square Garden",
      "norm": "madison square garden",
      "city": "New York",
      "state": "NY",
      "indoor": true,
      "grass": false,
      "lat": null,
      "lon": null,
      "weather": null
    },
    "lincoln financial field": {
      "name": "Lincoln Financial Field",
      "norm": "lincoln financial field",
      "city": "Philadelphia",
      "state": "PA",
      "indoor": false,
      "grass": true,
      "lat": null,
      "lon": null,
      "weather": null
    },
    "canvas stadium": {
      "name": "Canvas Stadium",
      "norm": "canvas stadium",
      "city": "Fort Collins",
      "state": "CO",
      "indoor": false,
      "grass": false,
      "lat": null,
      "lon": null,
      "weather": null
    },
    "mercedesbenz stadium": {
      "name": "Mercedes-Benz Stadium",
      "norm": "mercedesbenz stadium",
      "city": "Atlanta",
      "state": "GA",
      "indoor": true,
      "grass": false,
      "lat": null,
      "lon": null,
      "weather": null
    },
    "university stadium nm": {
      "name": "University Stadium (NM)",
      "norm": "university stadium nm",
      "city": "Albuquerque",
      "state": "NM",
      "indoor": false,
      "grass": false,
      "lat": null,
      "lon": null,
      "weather": null
    },
    "datcu stadium": {
      "name": "DATCU Stadium",
      "norm": "datcu stadium",
      "city": "Denton",
      "state": "TX",
      "indoor": false,
      "grass": false,
      "lat": null,
      "lon": null,
      "weather": null
    },
    "grand casino arena": {
      "name": "Grand Casino Arena",
      "norm": "grand casino arena",
      "city": "Saint Paul",
      "state": "MN",
      "indoor": true,
      "grass": false,
      "lat": null,
      "lon": null,
      "weather": null
    },
    "maverik stadium": {
      "name": "Maverik Stadium",
      "norm": "maverik stadium",
      "city": "Logan",
      "state": "UT",
      "indoor": false,
      "grass": false,
      "lat": null,
      "lon": null,
      "weather": null
    },
    "keybank center": {
      "name": "KeyBank Center",
      "norm": "keybank center",
      "city": "Buffalo",
      "state": "NY",
      "indoor": true,
      "grass": false,
      "lat": null,
      "lon": null,
      "weather": null
    },
    "enterprise center": {
      "name": "Enterprise Center",
      "norm": "enterprise center",
      "city": "St. Louis",
      "state": "MO",
      "indoor": true,
      "grass": false,
      "lat": null,
      "lon": null,
      "weather": null
    },
    "sap center at san jose": {
      "name": "SAP Center at San Jose",
      "norm": "sap center at san jose",
      "city": "San Jose",
      "state": "CA",
      "indoor": true,
      "grass": false,
      "lat": null,
      "lon": null,
      "weather": null
    },
    "rossade stadium": {
      "name": "Ross-Ade Stadium",
      "norm": "rossade stadium",
      "city": "West Lafayette",
      "state": "IN",
      "indoor": false,
      "grass": true,
      "lat": null,
      "lon": null,
      "weather": null
    },
    "dkrtexas memorial stadium": {
      "name": "DKR-Texas Memorial Stadium",
      "norm": "dkrtexas memorial stadium",
      "city": "Austin",
      "state": "TX",
      "indoor": false,
      "grass": false,
      "lat": null,
      "lon": null,
      "weather": null
    },
    "state farm arena": {
      "name": "State Farm Arena",
      "norm": "state farm arena",
      "city": "Atlanta",
      "state": "GA",
      "indoor": true,
      "grass": false,
      "lat": null,
      "lon": null,
      "weather": null
    },
    "barclays center": {
      "name": "Barclays Center",
      "norm": "barclays center",
      "city": "Brooklyn",
      "state": "NY",
      "indoor": true,
      "grass": false,
      "lat": null,
      "lon": null,
      "weather": null
    },
    "gainbridge fieldhouse": {
      "name": "Gainbridge Fieldhouse",
      "norm": "gainbridge fieldhouse",
      "city": "Indianapolis",
      "state": "IN",
      "indoor": true,
      "grass": false,
      "lat": null,
      "lon": null,
      "weather": null
    },
    "american airlines center": {
      "name": "American Airlines Center",
      "norm": "american airlines center",
      "city": "Dallas",
      "state": "TX",
      "indoor": true,
      "grass": false,
      "lat": null,
      "lon": null,
      "weather": null
    },
    "mountain america stadium": {
      "name": "Mountain America Stadium",
      "norm": "mountain america stadium",
      "city": "Tempe",
      "state": "AZ",
      "indoor": false,
      "grass": true,
      "lat": null,
      "lon": null,
      "weather": null
    },
    "intuit dome": {
      "name": "Intuit Dome",
      "norm": "intuit dome",
      "city": "Inglewood",
      "state": "CA",
      "indoor": true,
      "grass": false,
      "lat": null,
      "lon": null,
      "weather": null
    },
    "michigan stadium": {
      "name": "Michigan Stadium",
      "norm": "michigan stadium",
      "city": "Ann Arbor",
      "state": "MI",
      "indoor": false,
      "grass": false,
      "lat": null,
      "lon": null,
      "weather": null
    },
    "milan puskar stadium": {
      "name": "Milan Puskar Stadium",
      "norm": "milan puskar stadium",
      "city": "Morgantown",
      "state": "WV",
      "indoor": false,
      "grass": false,
      "lat": null,
      "lon": null,
      "weather": null
    },
    "acrisure stadium": {
      "name": "Acrisure Stadium",
      "norm": "acrisure stadium",
      "city": "Pittsburgh",
      "state": "PA",
      "indoor": false,
      "grass": true,
      "lat": null,
      "lon": null,
      "weather": null
    },
    "mclane stadium": {
      "name": "McLane Stadium",
      "norm": "mclane stadium",
      "city": "Waco",
      "state": "TX",
      "indoor": false,
      "grass": false,
      "lat": null,
      "lon": null,
      "weather": null
    },
    "ln federal credit union stadium": {
      "name": "L&N Federal Credit Union Stadium",
      "norm": "ln federal credit union stadium",
      "city": "Louisville",
      "state": "KY",
      "indoor": false,
      "grass": false,
      "lat": null,
      "lon": null,
      "weather": null
    },
    "williamsbrice stadium": {
      "name": "Williams-Brice Stadium",
      "norm": "williamsbrice stadium",
      "city": "Columbia",
      "state": "SC",
      "indoor": false,
      "grass": true,
      "lat": null,
      "lon": null,
      "weather": null
    },
    "bill snyder family stadium": {
      "name": "Bill Snyder Family Stadium",
      "norm": "bill snyder family stadium",
      "city": "Manhattan",
      "state": "KS",
      "indoor": false,
      "grass": false,
      "lat": null,
      "lon": null,
      "weather": null
    },
    "boone pickens stadium": {
      "name": "Boone Pickens Stadium",
      "norm": "boone pickens stadium",
      "city": "Stillwater",
      "state": "OK",
      "indoor": false,
      "grass": false,
      "lat": null,
      "lon": null,
      "weather": null
    },
    "flagler credit union stadium": {
      "name": "Flagler Credit Union Stadium",
      "norm": "flagler credit union stadium",
      "city": "Boca Raton",
      "state": "FL",
      "indoor": false,
      "grass": true,
      "lat": null,
      "lon": null,
      "weather": null
    },
    "kellyshorts stadium": {
      "name": "Kelly/Shorts Stadium",
      "norm": "kellyshorts stadium",
      "city": "Mount Pleasant",
      "state": "MI",
      "indoor": false,
      "grass": false,
      "lat": null,
      "lon": null,
      "weather": null
    },
    "yager stadium": {
      "name": "Yager Stadium",
      "norm": "yager stadium",
      "city": "Oxford",
      "state": "OH",
      "indoor": false,
      "grass": false,
      "lat": null,
      "lon": null,
      "weather": null
    },
    "lavell edwards stadium": {
      "name": "LaVell Edwards Stadium",
      "norm": "lavell edwards stadium",
      "city": "Provo",
      "state": "UT",
      "indoor": false,
      "grass": true,
      "lat": null,
      "lon": null,
      "weather": null
    },
    "shell energy stadium": {
      "name": "Shell Energy Stadium",
      "norm": "shell energy stadium",
      "city": "Houston",
      "state": "TX",
      "indoor": false,
      "grass": true,
      "lat": null,
      "lon": null,
      "weather": null
    },
    "joan c edwards stadium": {
      "name": "Joan C. Edwards Stadium",
      "norm": "joan c edwards stadium",
      "city": "Huntington",
      "state": "WV",
      "indoor": false,
      "grass": false,
      "lat": null,
      "lon": null,
      "weather": null
    },
    "amfirst stadium": {
      "name": "AmFirst Stadium",
      "norm": "amfirst stadium",
      "city": "Jacksonville",
      "state": "AL",
      "indoor": false,
      "grass": false,
      "lat": null,
      "lon": null,
      "weather": null
    },
    "robert w plaster stadium": {
      "name": "Robert W. Plaster Stadium",
      "norm": "robert w plaster stadium",
      "city": "Springfield",
      "state": "MO",
      "indoor": false,
      "grass": false,
      "lat": null,
      "lon": null,
      "weather": null
    },
    "sb ballard stadium": {
      "name": "S.B. Ballard Stadium",
      "norm": "sb ballard stadium",
      "city": "Norfolk",
      "state": "VA",
      "indoor": false,
      "grass": false,
      "lat": null,
      "lon": null,
      "weather": null
    },
    "kidd brewer stadium": {
      "name": "Kidd Brewer Stadium",
      "norm": "kidd brewer stadium",
      "city": "Boone",
      "state": "NC",
      "indoor": false,
      "grass": false,
      "lat": null,
      "lon": null,
      "weather": null
    },
    "jma wireless dome": {
      "name": "JMA Wireless Dome",
      "norm": "jma wireless dome",
      "city": "Syracuse",
      "state": "NY",
      "indoor": true,
      "grass": false,
      "lat": null,
      "lon": null,
      "weather": null
    },
    "aggie memorial stadium": {
      "name": "Aggie Memorial Stadium",
      "norm": "aggie memorial stadium",
      "city": "Las Cruces",
      "state": "NM",
      "indoor": false,
      "grass": false,
      "lat": null,
      "lon": null,
      "weather": null
    },
    "cajun field": {
      "name": "Cajun Field",
      "norm": "cajun field",
      "city": "Lafayette",
      "state": "LA",
      "indoor": false,
      "grass": false,
      "lat": null,
      "lon": null,
      "weather": null
    },
    "ufcu stadium": {
      "name": "UFCU Stadium",
      "norm": "ufcu stadium",
      "city": "San Marcos",
      "state": "TX",
      "indoor": false,
      "grass": false,
      "lat": null,
      "lon": null,
      "weather": null
    },
    "chapman stadium": {
      "name": "Chapman Stadium",
      "norm": "chapman stadium",
      "city": "Tulsa",
      "state": "OK",
      "indoor": false,
      "grass": false,
      "lat": null,
      "lon": null,
      "weather": null
    },
    "husky stadium": {
      "name": "Husky Stadium",
      "norm": "husky stadium",
      "city": "Seattle",
      "state": "WA",
      "indoor": false,
      "grass": false,
      "lat": null,
      "lon": null,
      "weather": null
    },
    "mckale memorial center": {
      "name": "McKale Memorial Center",
      "norm": "mckale memorial center",
      "city": "Tucson",
      "state": "AZ",
      "indoor": true,
      "grass": false,
      "lat": null,
      "lon": null,
      "weather": null
    },
    "target center": {
      "name": "Target Center",
      "norm": "target center",
      "city": "Minneapolis",
      "state": "MN",
      "indoor": true,
      "grass": false,
      "lat": null,
      "lon": null,
      "weather": null
    },
    "bridgestone arena": {
      "name": "Bridgestone Arena",
      "norm": "bridgestone arena",
      "city": "Nashville",
      "state": "TN",
      "indoor": true,
      "grass": false,
      "lat": null,
      "lon": null,
      "weather": null
    },
    "fiserv forum": {
      "name": "Fiserv Forum",
      "norm": "fiserv forum",
      "city": "Milwaukee",
      "state": "WI",
      "indoor": true,
      "grass": false,
      "lat": null,
      "lon": null,
      "weather": null
    },
    "mortgage matchup center": {
      "name": "Mortgage Matchup Center",
      "norm": "mortgage matchup center",
      "city": "Phoenix",
      "state": "AZ",
      "indoor": true,
      "grass": false,
      "lat": null,
      "lon": null,
      "weather": null
    },
    "huntington bank field": {
      "name": "Huntington Bank Field",
      "norm": "huntington bank field",
      "city": "Cleveland",
      "state": "OH",
      "indoor": false,
      "grass": true,
      "lat": null,
      "lon": null,
      "weather": null
    },
    "nissan stadium": {
      "name": "Nissan Stadium",
      "norm": "nissan stadium",
      "city": "Nashville",
      "state": "TN",
      "indoor": false,
      "grass": false,
      "lat": null,
      "lon": null,
      "weather": null
    },
    "lucas oil stadium": {
      "name": "Lucas Oil Stadium",
      "norm": "lucas oil stadium",
      "city": "Indianapolis",
      "state": "IN",
      "indoor": true,
      "grass": false,
      "lat": null,
      "lon": null,
      "weather": null
    },
    "hard rock stadium": {
      "name": "Hard Rock Stadium",
      "norm": "hard rock stadium",
      "city": "Miami Gardens",
      "state": "FL",
      "indoor": false,
      "grass": true,
      "lat": null,
      "lon": null,
      "weather": null
    },
    "metlife stadium": {
      "name": "MetLife Stadium",
      "norm": "metlife stadium",
      "city": "East Rutherford",
      "state": "NJ",
      "indoor": false,
      "grass": false,
      "lat": null,
      "lon": null,
      "weather": null
    },
    "raymond james stadium": {
      "name": "Raymond James Stadium",
      "norm": "raymond james stadium",
      "city": "Tampa",
      "state": "FL",
      "indoor": false,
      "grass": true,
      "lat": null,
      "lon": null,
      "weather": null
    },
    "bank of america stadium": {
      "name": "Bank of America Stadium",
      "norm": "bank of america stadium",
      "city": "Charlotte",
      "state": "NC",
      "indoor": false,
      "grass": false,
      "lat": null,
      "lon": null,
      "weather": null
    },
    "lumen field": {
      "name": "Lumen Field",
      "norm": "lumen field",
      "city": "Seattle",
      "state": "WA",
      "indoor": false,
      "grass": false,
      "lat": null,
      "lon": null,
      "weather": null
    },
    "sofi stadium": {
      "name": "SoFi Stadium",
      "norm": "sofi stadium",
      "city": "Inglewood",
      "state": "CA",
      "indoor": true,
      "grass": false,
      "lat": null,
      "lon": null,
      "weather": null
    },
    "rocket arena": {
      "name": "Rocket Arena",
      "norm": "rocket arena",
      "city": "Cleveland",
      "state": "OH",
      "indoor": true,
      "grass": false,
      "lat": null,
      "lon": null,
      "weather": null
    },
    "northwest stadium": {
      "name": "Northwest Stadium",
      "norm": "northwest stadium",
      "city": "Landover",
      "state": "MD",
      "indoor": false,
      "grass": true,
      "lat": null,
      "lon": null,
      "weather": null
    },
    "kia center": {
      "name": "Kia Center",
      "norm": "kia center",
      "city": "Orlando",
      "state": "FL",
      "indoor": true,
      "grass": false,
      "lat": null,
      "lon": null,
      "weather": null
    },
    "gillette stadium": {
      "name": "Gillette Stadium",
      "norm": "gillette stadium",
      "city": "Foxborough",
      "state": "MA",
      "indoor": false,
      "grass": false,
      "lat": null,
      "lon": null,
      "weather": null
    },
    "breslin center": {
      "name": "Breslin Center",
      "norm": "breslin center",
      "city": "East Lansing",
      "state": "MI",
      "indoor": true,
      "grass": false,
      "lat": null,
      "lon": null,
      "weather": null
    },
    "cameron indoor stadium": {
      "name": "Cameron Indoor Stadium",
      "norm": "cameron indoor stadium",
      "city": "Durham",
      "state": "NC",
      "indoor": true,
      "grass": false,
      "lat": null,
      "lon": null,
      "weather": null
    },
    "frost bank center": {
      "name": "Frost Bank Center",
      "norm": "frost bank center",
      "city": "San Antonio",
      "state": "TX",
      "indoor": true,
      "grass": false,
      "lat": null,
      "lon": null,
      "weather": null
    },
    "jersey mikes arena": {
      "name": "Jersey Mike\u2019s Arena",
      "norm": "jersey mikes arena",
      "city": "Piscataway",
      "state": "NJ",
      "indoor": true,
      "grass": false,
      "lat": null,
      "lon": null,
      "weather": null
    },
    "allen fieldhouse": {
      "name": "Allen Fieldhouse",
      "norm": "allen fieldhouse",
      "city": "Lawrence",
      "state": "KS",
      "indoor": true,
      "grass": false,
      "lat": null,
      "lon": null,
      "weather": null
    },
    "bridgeforth stadium": {
      "name": "Bridgeforth Stadium",
      "norm": "bridgeforth stadium",
      "city": "Harrisonburg",
      "state": "VA",
      "indoor": false,
      "grass": false,
      "lat": null,
      "lon": null,
      "weather": null
    },
    "highmark stadium": {
      "name": "Highmark Stadium",
      "norm": "highmark stadium",
      "city": "Orchard Park",
      "state": "NY",
      "indoor": false,
      "grass": false,
      "lat": null,
      "lon": null,
      "weather": null
    },
    "us bank stadium": {
      "name": "U.S. Bank Stadium",
      "norm": "us bank stadium",
      "city": "Minneapolis",
      "state": "MN",
      "indoor": true,
      "grass": false,
      "lat": null,
      "lon": null,
      "weather": null
    },
    "everbank stadium": {
      "name": "EverBank Stadium",
      "norm": "everbank stadium",
      "city": "Jacksonville",
      "state": "FL",
      "indoor": false,
      "grass": true,
      "lat": null,
      "lon": null,
      "weather": null
    },
    "allegiant stadium": {
      "name": "Allegiant Stadium",
      "norm": "allegiant stadium",
      "city": "Las Vegas",
      "state": "NV",
      "indoor": true,
      "grass": true,
      "lat": null,
      "lon": null,
      "weather": null
    },
    "lambeau field": {
      "name": "Lambeau Field",
      "norm": "lambeau field",
      "city": "Green Bay",
      "state": "WI",
      "indoor": false,
      "grass": true,
      "lat": null,
      "lon": null,
      "weather": null
    },
    "state farm stadium": {
      "name": "State Farm Stadium",
      "norm": "state farm stadium",
      "city": "Glendale",
      "state": "AZ",
      "indoor": true,
      "grass": true,
      "lat": null,
      "lon": null,
      "weather": null
    },
    "geha field at arrowhead stadium": {
      "name": "GEHA Field at Arrowhead Stadium",
      "norm": "geha field at arrowhead stadium",
      "city": "Kansas City",
      "state": "MO",
      "indoor": false,
      "grass": true,
      "lat": null,
      "lon": null,
      "weather": null
    }
  }
}