{
  "Arrowhead Stadium": {
    "lat": 39.0489,
    "lon": -94.4839,
    "indoor": false,
    "retractable": false,
    "sport": [
      "nfl"
    ]
  },
  "AT&T Stadium": {
    "lat": 32.7473,
    "lon": -97.0945,
    "indoor": true,
    "retractable": true,
    "sport": [
      "nfl"
    ]
  },
  "levi's stadium|santa clara|ca": {
    "name": "Levi's Stadium",
    "city": "Santa Clara",
    "state": "CA",
    "indoor": false,
    "grass": true,
    "source": "combined_espn"
  },
  "warren mcguirk alumni stadium|amherst|ma": {
    "name": "Warren McGuirk Alumni Stadium",
    "city": "Amherst",
    "state": "MA",
    "indoor": false,
    "grass": false,
    "source": "combined_espn"
  },
  "rynearson stadium|ypsilanti|mi": {
    "name": "Rynearson Stadium",
    "city": "Ypsilanti",
    "state": "MI",
    "indoor": false,
    "grass": false,
    "source": "combined_espn"
  },
  "ford field|detroit|mi": {
    "name": "Ford Field",
    "city": "Detroit",
    "state": "MI",
    "indoor": true,
    "grass": false,
    "source": "combined_espn"
  },
  "at&t stadium|arlington|tx": {
    "name": "AT&T Stadium",
    "city": "Arlington",
    "state": "TX",
    "indoor": true,
    "grass": false,
    "source": "combined_espn"
  },
  "simmons bank liberty stadium|memphis|tn": {
    "name": "Simmons Bank Liberty Stadium",
    "city": "Memphis",
    "state": "TN",
    "indoor": false,
    "grass": false,
    "source": "combined_espn"
  },
  "m&t bank stadium|baltimore|md": {
    "name": "M&T Bank Stadium",
    "city": "Baltimore",
    "state": "MD",
    "indoor": false,
    "grass": true,
    "source": "combined_espn"
  },
  "davis wade stadium|starkville|ms": {
    "name": "Davis Wade Stadium",
    "city": "Starkville",
    "state": "MS",
    "indoor": false,
    "grass": true,
    "source": "combined_espn"
  },
  "david booth kansas memorial stadium|lawrence|ks": {
    "name": "David Booth Kansas Memorial Stadium",
    "city": "Lawrence",
    "state": "KS",
    "indoor": false,
    "grass": false,
    "source": "combined_espn"
  },
  "memorial stadium (lincoln, ne)|lincoln|ne": {
    "name": "Memorial Stadium (Lincoln, NE)",
    "city": "Lincoln",
    "state": "NE",
    "indoor": false,
    "grass": false,
    "source": "combined_espn"
  },
  "ub stadium|buffalo|ny": {
    "name": "UB Stadium",
    "city": "Buffalo",
    "state": "NY",
    "indoor": false,
    "grass": false,
    "source": "combined_espn"
  },
  "huskie stadium|dekalb|il": {
    "name": "Huskie Stadium",
    "city": "Dekalb",
    "state": "IL",
    "indoor": false,
    "grass": false,
    "source": "combined_espn"
  },
  "lincoln financial field|philadelphia|pa": {
    "name": "Lincoln Financial Field",
    "city": "Philadelphia",
    "state": "PA",
    "indoor": false,
    "grass": true,
    "source": "combined_espn"
  },
  "canvas stadium|fort collins|co": {
    "name": "Canvas Stadium",
    "city": "Fort Collins",
    "state": "CO",
    "indoor": false,
    "grass": false,
    "source": "combined_espn"
  },
  "mercedes-benz stadium|atlanta|ga": {
    "name": "Mercedes-Benz Stadium",
    "city": "Atlanta",
    "state": "GA",
    "indoor": true,
    "grass": false,
    "source": "combined_espn"
  },
  "university stadium (nm)|albuquerque|nm": {
    "name": "University Stadium (NM)",
    "city": "Albuquerque",
    "state": "NM",
    "indoor": false,
    "grass": false,
    "source": "combined_espn"
  },
  "datcu stadium|denton|tx": {
    "name": "DATCU Stadium",
    "city": "Denton",
    "state": "TX",
    "indoor": false,
    "grass": false,
    "source": "combined_espn"
  },
  "maverik stadium|logan|ut": {
    "name": "Maverik Stadium",
    "city": "Logan",
    "state": "UT",
    "indoor": false,
    "grass": false,
    "source": "combined_espn"
  },
  "ross-ade stadium|west lafayette|in": {
    "name": "Ross-Ade Stadium",
    "city": "West Lafayette",
    "state": "IN",
    "indoor": false,
    "grass": true,
    "source": "combined_espn"
  },
  "dkr-texas memorial stadium|austin|tx": {
    "name": "DKR-Texas Memorial Stadium",
    "city": "Austin",
    "state": "TX",
    "indoor": false,
    "grass": false,
    "source": "combined_espn"
  },
  "mountain america stadium|tempe|az": {
    "name": "Mountain America Stadium",
    "city": "Tempe",
    "state": "AZ",
    "indoor": false,
    "grass": true,
    "source": "combined_espn"
  },
  "michigan stadium|ann arbor|mi": {
    "name": "Michigan Stadium",
    "city": "Ann Arbor",
    "state": "MI",
    "indoor": false,
    "grass": false,
    "source": "combined_espn"
  },
  "milan puskar stadium|morgantown|wv": {
    "name": "Milan Puskar Stadium",
    "city": "Morgantown",
    "state": "WV",
    "indoor": false,
    "grass": false,
    "source": "combined_espn"
  },
  "acrisure stadium|pittsburgh|pa": {
    "name": "Acrisure Stadium",
    "city": "Pittsburgh",
    "state": "PA",
    "indoor": false,
    "grass": true,
    "source": "combined_espn"
  },
  "mclane stadium|waco|tx": {
    "name": "McLane Stadium",
    "city": "Waco",
    "state": "TX",
    "indoor": false,
    "grass": false,
    "source": "combined_espn"
  },
  "l&n federal credit union stadium|louisville|ky": {
    "name": "L&N Federal Credit Union Stadium",
    "city": "Louisville",
    "state": "KY",
    "indoor": false,
    "grass": false,
    "source": "combined_espn"
  },
  "williams-brice stadium|columbia|sc": {
    "name": "Williams-Brice Stadium",
    "city": "Columbia",
    "state": "SC",
    "indoor": false,
    "grass": true,
    "source": "combined_espn"
  },
  "bill snyder family stadium|manhattan|ks": {
    "name": "Bill Snyder Family Stadium",
    "city": "Manhattan",
    "state": "KS",
    "indoor": false,
    "grass": false,
    "source": "combined_espn"
  },
  "boone pickens stadium|stillwater|ok": {
    "name": "Boone Pickens Stadium",
    "city": "Stillwater",
    "state": "OK",
    "indoor": false,
    "grass": false,
    "source": "combined_espn"
  },
  "flagler credit union stadium|boca raton|fl": {
    "name": "Flagler Credit Union Stadium",
    "city": "Boca Raton",
    "state": "FL",
    "indoor": false,
    "grass": true,
    "source": "combined_espn"
  },
  "kelly/shorts stadium|mount pleasant|mi": {
    "name": "Kelly/Shorts Stadium",
    "city": "Mount Pleasant",
    "state": "MI",
    "indoor": false,
    "grass": false,
    "source": "combined_espn"
  },
  "yager stadium|oxford|oh": {
    "name": "Yager Stadium",
    "city": "Oxford",
    "state": "OH",
    "indoor": false,
    "grass": false,
    "source": "combined_espn"
  },
  "lavell edwards stadium|provo|ut": {
    "name": "LaVell Edwards Stadium",
    "city": "Provo",
    "state": "UT",
    "indoor": false,
    "grass": true,
    "source": "combined_espn"
  },
  "delaware stadium|newark|de": {
    "name": "Delaware Stadium",
    "city": "Newark",
    "state": "DE",
    "indoor": false,
    "grass": false,
    "source": "combined_espn"
  },
  "shell energy stadium|houston|tx": {
    "name": "Shell Energy Stadium",
    "city": "Houston",
    "state": "TX",
    "indoor": false,
    "grass": true,
    "source": "combined_espn"
  },
  "joan c. edwards stadium|huntington|wv": {
    "name": "Joan C. Edwards Stadium",
    "city": "Huntington",
    "state": "WV",
    "indoor": false,
    "grass": false,
    "source": "combined_espn"
  },
  "amfirst stadium|jacksonville|al": {
    "name": "AmFirst Stadium",
    "city": "Jacksonville",
    "state": "AL",
    "indoor": false,
    "grass": false,
    "source": "combined_espn"
  },
  "robert w. plaster stadium|springfield|mo": {
    "name": "Robert W. Plaster Stadium",
    "city": "Springfield",
    "state": "MO",
    "indoor": false,
    "grass": false,
    "source": "combined_espn"
  },
  "s.b. ballard stadium|norfolk|va": {
    "name": "S.B. Ballard Stadium",
    "city": "Norfolk",
    "state": "VA",
    "indoor": false,
    "grass": false,
    "source": "combined_espn"
  },
  "kidd brewer stadium|boone|nc": {
    "name": "Kidd Brewer Stadium",
    "city": "Boone",
    "state": "NC",
    "indoor": false,
    "grass": false,
    "source": "combined_espn"
  },
  "jma wireless dome|syracuse|ny": {
    "name": "JMA Wireless Dome",
    "city": "Syracuse",
    "state": "NY",
    "indoor": true,
    "grass": false,
    "source": "combined_espn"
  },
  "aggie memorial stadium|las cruces|nm": {
    "name": "Aggie Memorial Stadium",
    "city": "Las Cruces",
    "state": "NM",
    "indoor": false,
    "grass": false,
    "source": "combined_espn"
  },
  "cajun field|lafayette|la": {
    "name": "Cajun Field",
    "city": "Lafayette",
    "state": "LA",
    "indoor": false,
    "grass": false,
    "source": "combined_espn"
  },
  "ufcu stadium|san marcos|tx": {
    "name": "UFCU Stadium",
    "city": "San Marcos",
    "state": "TX",
    "indoor": false,
    "grass": false,
    "source": "combined_espn"
  },
  "chapman stadium|tulsa|ok": {
    "name": "Chapman Stadium",
    "city": "Tulsa",
    "state": "OK",
    "indoor": false,
    "grass": false,
    "source": "combined_espn"
  },
  "husky stadium|seattle|wa": {
    "name": "Husky Stadium",
    "city": "Seattle",
    "state": "WA",
    "indoor": false,
    "grass": false,
    "source": "combined_espn"
  },
  "huntington bank field|cleveland|oh": {
    "name": "Huntington Bank Field",
    "city": "Cleveland",
    "state": "OH",
    "indoor": false,
    "grass": true,
    "source": "combined_espn"
  },
  "nissan stadium|nashville|tn": {
    "name": "Nissan Stadium",
    "city": "Nashville",
    "state": "TN",
    "indoor": false,
    "grass": false,
    "source": "combined_espn"
  },
  "lucas oil stadium|indianapolis|in": {
    "name": "Lucas Oil Stadium",
    "city": "Indianapolis",
    "state": "IN",
    "indoor": true,
    "grass": false,
    "source": "combined_espn"
  },
  "hard rock stadium|miami gardens|fl": {
    "name": "Hard Rock Stadium",
    "city": "Miami Gardens",
    "state": "FL",
    "indoor": false,
    "grass": true,
    "source": "combined_espn"
  },
  "metlife stadium|east rutherford|nj": {
    "name": "MetLife Stadium",
    "city": "East Rutherford",
    "state": "NJ",
    "indoor": false,
    "grass": false,
    "source": "combined_espn"
  },
  "raymond james stadium|tampa|fl": {
    "name": "Raymond James Stadium",
    "city": "Tampa",
    "state": "FL",
    "indoor": false,
    "grass": true,
    "source": "combined_espn"
  },
  "bank of america stadium|charlotte|nc": {
    "name": "Bank of America Stadium",
    "city": "Charlotte",
    "state": "NC",
    "indoor": false,
    "grass": false,
    "source": "combined_espn"
  },
  "lumen field|seattle|wa": {
    "name": "Lumen Field",
    "city": "Seattle",
    "state": "WA",
    "indoor": false,
    "grass": false,
    "source": "combined_espn"
  },
  "sofi stadium|inglewood|ca": {
    "name": "SoFi Stadium",
    "city": "Inglewood",
    "state": "CA",
    "indoor": true,
    "grass": false,
    "source": "combined_espn"
  },
  "northwest stadium|landover|md": {
    "name": "Northwest Stadium",
    "city": "Landover",
    "state": "MD",
    "indoor": false,
    "grass": true,
    "source": "combined_espn"
  },
  "gillette stadium|foxborough|ma": {
    "name": "Gillette Stadium",
    "city": "Foxborough",
    "state": "MA",
    "indoor": false,
    "grass": false,
    "source": "combined_espn"
  },
  "||": {
    "indoor": false,
    "source": "combined_espn"
  },
  "highmark stadium|orchard park|ny": {
    "name": "Highmark Stadium",
    "city": "Orchard Park",
    "state": "NY",
    "indoor": false,
    "grass": false,
    "source": "combined_espn"
  },
  "u.s. bank stadium|minneapolis|mn": {
    "name": "U.S. Bank Stadium",
    "city": "Minneapolis",
    "state": "MN",
    "indoor": true,
    "grass": false,
    "source": "combined_espn"
  },
  "everbank stadium|jacksonville|fl": {
    "name": "EverBank Stadium",
    "city": "Jacksonville",
    "state": "FL",
    "indoor": false,
    "grass": true,
    "source": "combined_espn"
  },
  "allegiant stadium|las vegas|nv": {
    "name": "Allegiant Stadium",
    "city": "Las Vegas",
    "state": "NV",
    "indoor": true,
    "grass": true,
    "source": "combined_espn"
  },
  "lambeau field|green bay|wi": {
    "name": "Lambeau Field",
    "city": "Green Bay",
    "state": "WI",
    "indoor": false,
    "grass": true,
    "source": "combined_espn"
  },
  "state farm stadium|glendale|az": {
    "name": "State Farm Stadium",
    "city": "Glendale",
    "state": "AZ",
    "indoor": true,
    "grass": true,
    "source": "combined_espn"
  },
  "geha field at arrowhead stadium|kansas city|mo": {
    "name": "GEHA Field at Arrowhead Stadium",
    "city": "Kansas City",
    "state": "MO",
    "indoor": false,
    "grass": true,
    "source": "combined_espn"
  }
}